Winery_ID,Name,Category_Type,Varietal,Alcohol_Percentage,Vintage,Price
3,2022 Sauvignon Blanc,White,Sauvignon Blanc,14.3,2022,20
3,2022 Barbera Rose,Rose,Barbera,14.5,2022,25
3,2021 Barbera,Red,Barbera,14.2,2021,40
3,2020 Malbec,Red,Malbec,14.5,2019,40
3,2019 Cabernet Sauvignon,Red,Cabernet Sauvignon,14.2,2019,50
3,2021 Petite Sirah,Red,Cabernet Sauvignon,14.9,2018,50
4,2020 Cabernet Sauvignon XXVI,Red,Cabernet Sauvignon,14.1,2020,50
4,2021 Syrah,Red,Syrah,14,2021,40
4,2020 Trutina,Red,Bordeaux-style Red Blend,13.9,2020,32
4,2021 Three Legged Red,Red,Red-table wine,13.8,2021,20
4,2022 Zags Blend,Red,Red-table wine,13.8,2022,25
4,2022 Shirley Mays Chardonnay,White,Chardonnay,13,2022,29
4,2023 Rose,Rose,Cabernet Franc,13.5,2023,22
4,2023 Sauvignon Blanc,White,Sauvignon Blanc,13.7,2023,22
5,2018 Sangiovese,Red,Sangiovese,12.4,2018,44
5,2017 Merlot,Red,Merlot,11.6,2017,44
5,2016 Cabernet Sauvignon,Red,Carbernet Sauvignon,13.3,2016,44
5,2020 Malbec,Red,Malbec,12.5,2020,44
5,2017 Syrah,Red,Syrah,13.9,2017,44
5,2019 Tempranillo,Red,Tempranillo,10.8,2019,44
6,2022 Spring Rose,Rose,Sangiovese,12.3,2022,22
6,2022 Summer Rose,Rose,Pinot Gris,12.9,2022,22
6,2023 Abstact No.1 Cabernet Franc Rose,Rose,Cabernet Franc,12.8,2023,23
6,2023 Autumn Rose,Rose,Syrah,12.7,2023,23
6,2023 Spring Rose,Rose,Sangiovese,12.3,2023,23
6,2023 Summer Rose,Rose,Pinot Gris,12.9,2023,23
7,2014 Evergreen Vineyard Riesling:,White,Riesling,12.7,2014,18
7,2013 Yakima Valley Grenache:,Red,Red,14.3,2013,25
7,2012 Mill Creek Vineyard Syrah:,Red,Syrah,14.2,2012,32
7,2014 Red Blend:,Red,Bordeaux-style Red Blend,14.7,2014,25
7,2012 Seven Hills Vineyard Merlot:,Red,Merlot,14.7,2012,28
7,2012 Summit View Malbec:,Red,Malbec,14.7,2012,32
7,2012 Sagemoor Vineyards Cabernet Sauvignon:,Red,Carbernet Sauvignon,14.8,2012,34
7,2012 Sagemoor Reserve:,Red,Bordeaux-style Red Blend,14.4,2012,40
8,Riesling,White,Riesling,12.5,2021,18
8,Gewurztraminer Columbia Gorge,White,Gewurztraminer,14.1,2019,16
8,Gewurztraminer Celilo Vineyard,White,Gewurztraminer,14.2,2018,30
8,Georgia Rose,Rose,Pinot Noir,13.4,2022,17
8,Pinot Noir,Red,Pinot Noir,14.1,2019,37
8,Two Magpipes Red Blend,Red,Mourvèdre,14.7,NULL,16.5
8,Mourvèdre,Red,Mourvèdre,14.6,2013,34
9,2019 Lovely Little Thing,White,Chardonnay,NULL,2019,68
9,2019 Tempranillo,Red,Tempranillo,NULL,2019,50
9,2020 Tempranillo,Red,Tempranillo,NULL,2020,50
9,2021 Bijoux,White,Sémillon-Sauvignon Blanc Blend,NULL,2021,30
9,2022 Albarino,White,Albarino,NULL,2022,30
9,2022 Ruby Ruth Rose #14,Red,Cabernet Sauvignon,NULL,2022,25
10,2022 Rose of Primitivo,Rose,Primitivo,11.4,2022,28
10,2022 Semillin,White,Semillon,11.4,2022,28
10,2023 Carbnic Zinfandel,Red,Zinfandel,10.5,2023,30
10,2021 Pinot Noir,Red,Pinor Noir,12.4,2021,48
10,2020 Syrah,Red,Syrah,12.7,2020,48
11,2022 Chardibbat,White,Chardonnay,13,2022,20
11,2020 Cabernet Sauvignon,White,Carbernet Sauvignon,14.5,2020,36
11,2020 Babernet Franc,Red,Cabernet Franc,14.5,2020,30
11,2020 Merlot,Red,Merlot,14.4,2020,30
11,2021 Firehouse Red,Red,Red Wine Blend,13.8,2021,20
11,2019 Viognier,White,Viognier,13.4,2019,27
11,2019 Grenache,Red,Grenache,14.1,2019,32
11,2019 Mourvedre Reserve,Red,Mourvedre,14,2019,42
11,2019 Petit Verdot,Red,Petit Verdot,14.5,2019,33
11,2019 Sangiovese,Red,Sangiovese,14.2,2019,32
11,2018 Reserve Red Wine,Red,Red Wine Blend,14.6,2018,52
11,2018 Red Wine,Red,Red Wine Blend,14.4,2018,52
11,2016 Nebbiolo,Red,Nebbiolo,14,2016,46
11,2014 Red Wine,Red,Red Wine Blend,14.5,2014,50
11,2014 Red Wine,Red,Red Wine Blend,14.4,2014,50
12,2020 Syrah,Red,Syrah,NULL,2020,55
12,2010 Saros,Red,Tempranillo,NULL,2010,60
12,2010 Red Wine,Red,Syrah,NULL,2010,27
12,2010 Cabernet Sauvignon,Red,Cabernet Sauvignon,NULL,2010,50
12,2009 Saros,Red,Tempranillo,NULL,2009,50
13,Eternal Beauty 2021,Rose,Malbec,12,2021,19
13,Eternal Beauty 2023,Rose,Cabernet Franc,12.3,2022,29
13,Eternal Darkness 2018,Red,Syrah,15,2018,59
13,Eternal Darkness Erched 1.5L,Red,Syrah,15,2017,295
13,Eternal Darkness Erched 3L,Red,Syrah,15,2017,495
13,Eternal Discovery,Red,Cabernet Sauvignon,15,2018,59
13,Eternal Divinity,Red,Cabernet Sauvignon,15,2018,39
13,Eternal Evolution,White,Albariño,12.5,2020,39
13,Eternal Foundation,Red,Syrah,15,2018,59
13,Eternal Gratitude,Red,Merlot,14.5,2019,54
13,Eternal Insight,White,Marsanne,13.5,2020,39
13,Eternal Lust 2022,White,Albariño,12,2022,34
13,Eternal Lust 2021,White,Albariño,12.4,2021,34
13,Eternal Patience,White,Roussanne,14.5,2019,39
13,Eternal Privilege,Red,Cabernet,13.5,2019,39
13,Eternal Quest,Red,Syrah,15,2018,59
13,Eternal Summer 2022,Rose,Viognier,14.1,2022,34
13,Eternal Sunshine 2019,White,Viognier,14,2019,39
13,Eternal Sunshine 2022,White,Viognier,13.2,2022,39
13,Eternal Echo,Red,Syrah,15,2016,59
13,Eternal Heritage,Red,Syrah,15,2016,59
13,Eternal Optimism,Red,Grenach,14.5,2017,49
13,Eternal Bliss,Red,Syrah,21,2020,54
13,Eternal Zen,Red,Syrah,15,2017,59
14,2023 Lonesome Spring,Rose,Grenache,12.5,2023,25
14,2023 Les Collines Vineyard Grenache Blanc,White,Grenache Blanc,NULL,2023,30
14,2023 Gamache Vineyard Viognier,White,Viognier,12.9,2023,30
14,Aprica,Red,Syrah,13.6,2022,28
14,2021 GSM,Red,Rhone-style Red Blend,14,2023,50
14,2021 Les Collines Vineyard,Red,Syrah,14,2021,50
14,2021 Resurgent Vineyard,Red,Syrah,13.8,2023,50
14,2021 Alder Ridge,Red,Mourvedre,13.8,2021,50
14,2020 Seven Hills,Red,Cabernet Sauvignon,15,2020,65
14,2018 Quintessence Vineyard,Red,Cabernet Sauvignon,NULL,2018,85
14,2020 Meravina,Red,Bordeaux-style Red Blend,14.6,2019,30
14,2020 Walla Walla Valley Merlot,Red,Merlot,14.4,2020,55
14,2020 Walla Walla Valley Cabernet Franc,Red,Cabernet Sauvignon,14.8,2023,65
14,2020 BDX,Red,Red Wine Blend,NULL,2020,65
15,2018 Ysabella Bjord,White ,Chardonnay,14.5,2018,70
15,2018 Camylla Lorden ,White,Chardonnay,14.5,2018,70
15,2018 Gemma Camaryn ,White,Chardonnay,14.5,2018,70
15,2017 Ysabella Bjord,White ,Chardonnay,14.5,2017,60
15,2017 Camylla Lorden ,White,Chardonnay,14.5,2017,60
15,2017 Gemma Camaryn ,White,Chardonnay,14.5,2017,60
16,Echolands Grenache Rose,Rose,Grenache,13.1,2022,26
16,Echolands Syrah,Red,Syrah,13,2019,38
16,Echolands Rubrum,Red,Cabernet Franc,13.9,2020,42
16,Seven Hills Vineyard,Red,Cabernet Sauvignon,14,2019,52
17,2010 Bend Sinister Port-Style Wine,Red,Merlot/Syrah,NULL,2010,65
17,2022 Estate Rose,Rose,Estate Saignee,NULL,2022,30
17,NV4 Sublime,Red,Red wine Blend,NULL,2016,40
17,2016 Estate Cabernet Sauvignon,Red,Cabernet Sauvignon,NULL,2016,45
17,2015 Estate Syrah,Red,Syrah,NULL,2015,55
18,2022 TMP Scamp,White,Pinot Gris,13.4,2022,20
18,2023 TMP Hedonista,White,Albarino,13.2,2023,20
18,2021 TMP Pun Intended,Red,Malbec,14.4,2021,22
18,2021 TMP Right Bastard,Red,Merlot,14.4,2021,24
18,2021 TMP GodSMack'd,Red,Syrah,14.3,2021,24
18,2020 TMP Boldfaced Life,Red,Cab Sauv,14.2,2020,24
18,2023 Quip,Rose,Direct Press Mourvedre,13.3,2023,22
18,2022 Frolic,White,Viognier,13.2,2022,28
18,2022 Dry Humor,White,Riesling,13.2,2022,25
19,2019 Fysalides,Sparkling,Pinot Noir,12.7,2019,53
19,2019 Merlot,Red,Merlot,14.7,2019,49
19,2019 Cabernet Sauvignon,Red,Cabernet Sauvignon,14.8,2019,51
19,2019 Alatus Blend,Red,Cabernet Sauvignon,14.6,2019,51
19,2020 Malbec,Red,Malbec,14.5,2020,55
19,2020 Rocks Syrah,Red,Rocks Syrah,NULL,2020,65
20,2018 Estate Reserve,Red,Cabernet Sauvignon,,2019,55
20,2018 Princess Syrah,Red,Syrah,,2018,62
20,2021 She-Devil,Red,Syrah,,2021,40
20,2018 GB3 Estate Reserve,Red,Cabernet Sauvignon,14.9,2018,75
20,2022 LINEN,White,Sauvignon Blanc,13.8,2022,25
20,2018 Moonspell,Red,Cabernet Sauvignon,15.5,2019,45
20,2018 Paco Franco,Red,Cabernet Sauvignon,14.8,2018,40
20,2018 Wild Child,Red,Merlot,14.4,2018,40
20,2018 LINEN Red Wine,Red,Red wine Blend,14.5,2018,25
21,2022 The Dissident,Red,Carbernet Sauvignon,14.9,2022,45
21,2023 Viognier,White,Viognier,13.6,2023,40
21,2022 Wild Eyed,Red,Syrah,15,2022,50
21,2021 Lost Soul,Red,Syrah,14.9,2021,60
21,2021 Old Vines,Red,Cabernet Sauvignon,14.8,2021,80
21,2021 Water Witch,Red,Cabernet Sauvignon,14.8,2021,70
21,2021 Lonely Heart,Red,Cabernet Sauvignon,14.9,2021,100
21,2021 Dead Horse,Red,Cabernet Sauvignon,14.9,2021,70
21,2021 The Dissident,Red,Cabernet Sauvignon,14.9,2021,45
21,2021 Long Haul,Red,Merlot,14.8,2021,65
21,2022 MRW Chardonnay,White,Chardonnay,13.7,2022,48
21,2021 Crazy Mary,Red,Mourvedre,15,2021,65
21,2021 Monkey Wrench,Red,Cabernet Sauvignon,14.9,2021,35
21,2021 Wild Eyed,Red,Syrah,15,2021,50
21,Water Witch,Red,Carbernet Sauvignon,14.8,2020,75
21,2020 Little Sister,Red,Merlot,14.9,2020,70
22,2019 City Collection Bellevue Red,Red,Red Wine Blend,NULL,2019,44
22,2019 City Collection Seattle Red,Red,Red Wine Blend,NULL,2019,40
22,2019 Port 500mL,Red,Red Wine Blend,NULL,2019,50
22,2019 Premier Collection Cobblestone Cabernet Sauvignon,Red,Cabernet Sauvignon,NULL,2019,60
22,2019 Proprietor's Red Blend,Red,Red Wine Blend,NULL,2019,80
22,2019 Spymaster Series: The continent Cabernet Sauvignon,Red,Cabernet Sauvignon,NULL,2019,80
22,2020 Browne Estate VIneyard Cabernet Franc,Red,Cabernet Franc,NULL,2020,60
22,2020 Browne Estate Vineyard Malbec,Red,Malbec,NULL,2020,60
22,Browne Estate Vineyard Merlot,Red,Merlot,NULL,2020,60
22,Browne Estate Vineryard Syrah,Red,Syrah,NULL,2020,60
22,2020 Browne Premier Collection 2020 Merlot,Red,Merlot,NULL,2020,50
22,2020 Browne Premier Collection Cabernet Franc,Red,Cabernet Franc,NULL,2020,50
22,2020 Browne Premier Collection Cabernet Sauvignon,Red,Cabernet Sauvignon,NULL,2020,50
22,2020 Browne Premier Collection Petit Verdot,Red,Red Wine Blend,NULL,2020,50
22,2020 City Collection Bellevue Red,Red,Red Wine Blend,NULL,2020,44
22,2020 City Collection Seattle Red,Red,Red Wine Blend,NULL,2020,44
22,2020 City Collection Tacoma Red,Red,Red Wine Blend,NULL,2020,44
22,2020 City Collection Walla Walla Red,Red,Red Wine Blend,NULL,2020,44
22,2020 Do Epic Shit Reserve Red Blend,Red,Red Wine Blend,NULL,2020,50
22,2020 Proprietor's Red Blend,Red,Red Wine Blend,NULL,2020,80
22,2020 Skull & Chain Red Mountain Cabernet Sauvignon,Red,Red Wine Blend,NULL,2020,35
22,"2020 Spymasters Series ""Homecoming"" Cabernet Sauvignon",Red,Cabernet Sauvignon,NULL,2020,80
22,"2020 Spymasters Series ""Liberation of Paris"" Cabernet Sauvignon",Red,Cabernet Sauvignon,NULL,2020,80
22,"2020 Spymasters Series ""The Continent"" Cabernet Sauvignon",Red,Cabernet Sauvignon,NULL,2020,80
22,"2020 Spymasters Series ""The Farm"" Cabernet Sauvignon",Red,Cabernet Sauvignon,NULL,2020,80
22,2020 Vyd Collection Quintessence Cabernet Sauvignon,Red,Cabernet Sauvignon,NULL,2020,60
22,2021 Browne Family Forest Project Red Mountain,Red,Cabernet Sauvignon,NULL,2021,60
22,2021 Browne Premier Collection 2021 Malbec,Red,Red Wine Blend,NULL,2021,50
22,2021 City Collection Bellevue Red,Red,Red Wine Blend,NULL,2021,44
22,2021 City Collection Seattle Red,Red,Red Wine Blend,NULL,2021,44
22,2021 City Collection Tacoma Red,Red,Red Wine Blend,NULL,2021,44
22,2021 City Collection Walla Walla Red,Red,Red Wine Blend,NULL,2021,44
22,2021 Do Epic Shit Reserve Red Blend,Red,Red Wine Blend,NULL,2021,35
22,2021 Mural Collection,Red,Red Wine Blend,NULL,2021,50
22,2021 Mural Collection GSM,Red,Red Wine Blend,NULL,2021,22
22,2021 Proprietor's Red Blend,Red,Red Wine Blend,NULL,2021,42
22,"2021 Spymasters Series ""Liberation of Paris"" Cabernet Sauvignon",Red,Cabernet Sauvignon,NULL,2022,42
22,2022 Do Epic Sh*t Cabernet Sauvignon,Red,Cabernet Sauvignon,NULL,2022,80
22,Browne Bitner Estate 2020 Cabernet Sauvignon,Red,Cabernet Sauvignon,NULL,2020,80
22,Browne Bitner Estate 2020 Tribute Red Blend,Red,Red Wine Blend,NULL,2020,35
22,Medallion Series 2018 Bitner Cabernet Sauvignon,Red,Cabernet Sauvignon,NULL,2018,30
22,Medallion Series 2019 Bitner Cabernet Sauvignon,Red,Cabernet Sauvignon,NULL,2019,100
22,2022 Mural Collection Cabernet Franc,Rose,Cabernet Franc,NULL,2022,32
22,2023 Bitner Estate Grenache,Rose,Grenache,NULL,2023,20
22,Medallion Series NV Gigi Brut,Rose,Brut,NULL,NULL,32
22,2021 Heritage Chardonnay,White,Chardonnay,NULL,2021,26
22,2021 Collection Viognier,White,Viognier,NULL,2021,24
22,2022 Browne Family Forest Project,White,Pinot Gris,NULL,2022,24
22,2022 Mural Collection Pinot Gris,White,Sauvignon Blanc,NULL,2022,32
22,2022 Mural Collection Sauvignon Blanc,White,Viognier,NULL,2022,32
22,2022 Mural Collection Viognier,White,White Wine Blend,NULL,2022,25
22,2022 Mural Collection Willow White Blend,White,Chardonnay,NULL,2022,52
22,Browne Bitner Estate 2022 Chardonnay,White,Chardonnay,NULL,2022,40
22,Medallion Series 2021 Dottie Chardonnay,White,Chardonnay,NULL,2021,26
22,Medallion Series NV Georgia Brut,White,Brut,NULL,NULL,26
22,Mural Collection Brut Bubbles,White,Brut,NULL,NULL,26
23,2023 Rose Olsen Vineyard,Rose,Cinsault,13,2024,28
23,2023 Picpoul,White,Picpoul,13,2023,25
23,2022 Viognier,White,Viognier,12.5,2023,32
23,2020 Mourvedre L'Idiot Du Village,White,Mourvedre,14,2023,48
23,2020 Syrah Lagniappe Red Willow Vineyard,Red,Syrah,13.5,2020,65
23,2020 Syrah Forgotten Hills Estate,Red,Syrah,13.5,2024,65
23,2019 Syrah Walla Walla,Red,Syrah,13,2023,40
23,2020 Gramercy Estates,Red,Cabernet Sauvignon,14.5,2024,72
23,2019 Cabernet Sauvignon,Red,Cabernet Sauvignon,14.5,2023,60
23,2020 Syrah John Lewis Reserve,Red,Syrah,14,2020,95
23,2020 Cabernet Sauvignon Reserve,Red,Cabernet Sauvignon,14,2020,110
23,2020 Merlot Estate MTA,Red,Merlot,14.5,2020,52
23,2019 Mourvedre Olsen Vineyard MTA,Red,Mourvedre,14,2020,48
24,2022 I.2I Gigawatts White Rhone Blend,White,White Blend,NULL,2022,30
24,2023 Up Up Down Down Left Right Left Right B A Select Start,Rose,Grenache,NULL,2023,27
24,2023 Fretboard Viognier,White,Viognier,NULL,2023,35
24,2022 Ceci n'est pas un vin rouge,Red,Grenache,NULL,2022,55
24,2022 Old School Syrah,Red,Syrah,NULL,2020,45
24,2021 The Enchanter,Red,Syrah,NULL,2021,45
24,2021 Diamond Cutter,Red,Red Wine Blend,NULL,2021,40
25,2016 Rhone Style Blend,Red,Red Wine Blend,NULL,2016,29
25,2016 1st & Main Bordeaux Style,Red,Red Wine Blend,NULL,2016,30
25,2016 Homesteader Bordeaux Style Blend,Red,Bordeaux-style Red Blend,NULL,2016,48
25,2017 Estate Merlot,Red,Merlot,NULL,2017,55
25,2017 Quintessence Malbec,Red,Malbec,NULL,2017,55
25,2015 Reserve Cabernet Sauvignon,Red,Cabernet Sauvignon,NULL,2015,65
25,2016 Petit Verdot,Red,Petit Verdot,NULL,2016,43
25,2018 Quintessence Sauvignon Blanc,White,Sauvignon Blanc,NULL,2018,29
25,2022 Sauvignon Blanc,White,Sauvignon Blanc,NULL,2022,25
25,2018 Rose Of Sangiovese,White,Sangiovese,NULL,2018,27
25,2014 Pinot Gris,White,Pinot Gris,NULL,2014,18
25,NV RC Tributary White Blend,White,White Wine Blend,NULL,NULL,22
25,2014 Wahluke Slope Riesling,White,Riesling,NULL,2014,18
26,2021 Pentad Red Wine,Red,Red Wine Blend,15,2021,85
26,2020 SHW Founding Vineyard,Red,Cabernet Sauvignon,15,2020,65
26,2021 Ciel Du Cheval Vineyard,Red,Red Wine Blend,13.5,2021,65
26,2020 Summit View Vineyard,Red,Cabernet Sauvignon,15.5,2020,60
26,2020 Mcclellan Estate Vineyard,Red,Cabernet Sauvignon,15.5,2020,60
26,2021 SHW Founding Vineyard,Red,Merlot,15,2021,55
26,2020 Mcclellan Estate Vineyard,Red,Petit Verdot,15.5,2020,50
26,2021 Cabernet Franc,Red,Cabernet Franc,13.5,2021,50
26,2022 Reserve Sauvignon Blanc,White,Sauvignon Blanc,14.5,2022,50
26,2021 Cabernet Sauvignon,Red,Cabernet Sauvignon,14.5,2021,38
26,2023 Sauvignon Blanc,White,Sauvignon Blanc,13.5,2023,35
26,2022 Rose,Rose,Rose,12.5,2022,20
27,2022 Side E,White,White Wine Blend,13,2022,20
28,2015 Resvere Cabernet 25th Anniversary,Red,Cabernet Sauvignon,14.5,2015,65
28,2019 Reserve Malbec,Red,Malbec,14.5,2019,55
28,2020 Viero,Red,Red Wine Blend,15,2020,48
28,2019 Syrah,Red,Syrah,15,2019,38
28,2019 Merlot,Red,Merlot,14.2,2019,36
28,2018 First Flight,Red,Red Wine Blend,14.8,2018,28
28,2022 Ice Wine,White,NULL,10.2,2022,70
28,2020 Chardonnay,White,Chardonnay,14.3,2020,30
28,2023 Pinot Gris,White,NULL,13.7,2023,26
28,2023 Riesling,White,Riesling,11.9,2023,25
29,2020 Forgeron Cellars Merlot,Red,Merlot,14.5,2020,40
29,2021 Forgeron Cellars Barbera Barrel Select,Red,Barbera,14.7,2021,35
29,2022 Anvil By Forgeron Chardonnay,White,Chardonnay,14.2,2022,50
29,2021 Forgeron Cellars Cabernet Sauvignon,Red,Cabernet Sauvignon,14.7,2021,35
29,2021 Forgeron Cellars Grenache,Red,Grenache,14.7,2021,35
29,2023 Forgeron Cellars Viognier,White,Viognier,13.3,2023,29
29,2020 Forgeron Cellars Syrah,Red,Syrah,14.8,2020,35
29,2020 Forgeron Cellars Zinfadel,Red,Zinfadel,14.8,2020,35
29,2022 Blacksmith Blanc,White,Picpoul Blanc,12.4,2022,29
29,2022 Forgeron Cellars Viognier,White,Viognier,12,2022,29
29,2020 Forgeron Cellars Barbera,Red,Barbera,14.5,2020,35
29,2020 Forgeron Cellars Mourvedre,Red,Mourvedre,14.6,2020,40
29,2022 Pink Rabbits Rose of Pinot Noir,Rose,Pinot Noir,12.3,2022,29
29,2019 Forgeron Cellars Cabernet Sauvignon,Red,Cabernet Sauvignon,14.7,2019,35
29,2020 Forgeron Cellars Grenache,Red,Grenache,14.6,2020,35
29,2020 Forgeron Cellars Estate Cabernet Franc,Red,Cabernet Franc,14.1,2020,30
29,2020 Forgeron Cellars Malbec,Red,Malbec,14.4,2020,35
29,2019 Forgeron Cellars Grenache,Red,Grenache,13.8,2019,35
29,2019 Forgeron Cellars Syrah,Red,Syrah,14.8,2019,35
29,2019 Forgeron Cellars Equinox Ridge Estate Cabernet Franc,Red,Cabernet Franc,14.2,2019,45
29,2019 Blacksmith Blanc,White,Viognier,14,2019,25
29,2020 Otherworldly Chardonnay,White,Chardonnay,14.2,2020,29
29,2018 Forgeron Cellars Late Harvest Orange Muscat,White,Orange Muscat,11.2,2018,38
29,2019 Secret Woods Sparkling Chardonnay Extended Tardive,White,Chardonnay,12.4,2019,45
29,2019 Forgeron Cellars Mourvedre,Red,Mourvedre,13.4,2019,40
30,2020 Expedition Red Blend,Red,Cabernet Sauvignon/Merlot,13.9,2020,18
30,2020 Expedition Red Mountain Cabernet Sauvignon,Red,Cabernet Sauvignon,14.5,2020,18
30,2021 Expedition Pinot Gris,White,Pinot Gris,13.5,2021,18
30,2021 The Expedition Sauvignon Blanc,White,Sauvignon Blanc,13,2021,18
30,2020 The Expedition Chardonnay,White,Chardonnay,13.82,2020,18
30,2020 Expedition Merlot,Red,Merlot,13.7,2020,18
31,"2019 Chardonnay, Walla Walla AVA",White,Chardonnay,12,2019,NULL
31,"2016 Syrah, Walla Walla AVA",Red,Syrah,15.6,2016,NULL
31,"2017 Merlot, Colombia Valley AVA",Red,Merlot,15.4,2017,NULL
31,"2016 Cabernet Sauvignon, Walla Walla AVA",Red,Cabernet Sauvignon,15.4,2016,NULL
31,"2018 Cabernet Sauvignon, Walla Walla AVA",Red,Cabernet Sauvignon,14.3,2018,NULL
31,"2017 Pinot Noir, Walla Walla AVA",Red,Pinot Noir,14.9,2017,NULL
31,"2016 Carmenere, Walla Walla AVA",Red,Carmenere,15.6,2016,NULL
32,2018 Cabernet Franc,Rose,Cabernet Franc,NULL,2018,45
32,2018 Cabernet Sauvignon,Red,Cabernet Sauvignon,NULL,2018,42
32,2018 Damn Straight,Red,Cabernet Sauvignon,14,2018,48
32,2018 Estate Sangiovese,Red,Sangiovese,NULL,2018,30
32,2018 Estate Syrah,Red,Syrah,NULL,2018,48
32,2018 GSM,Red,GSM,NULL,2018,45
32,2018 Malbec,Red,Malbec,NULL,2018,45
32,2018 Reserve Estate Syrah,Red,Syrah,NULL,2018,55
32,2019 Damn Straight,Red,Cabernet Sauvignon,NULL,2019,48
32,2022 Afternoon Delight,White,,NULL,2022,25
32,NV Plumb Crazy Bottle,Red,Shiraz/Syrah,14.5,,25
33,2019 Syrah Armada Vineyard,Red,Shiraz/Syrah,14.7,2019,179.97
33,Cayuse Vineyard Bionic Frog,Red,Shiraz/Syrah,15,2018,599
33,Cailloux Vineyard Syrah,Red,Shiraz/Syrah,13.6,2020,149.97
33,Cailloux Vineyard Viognier,White,Viognier,14.2,2005,112
33,Camaspelo,Red,Cabernet Sauvignon,15,2019,153.95
33,Edith Grenache Rose,Rose,Grenache,12.7,2021,64
33,En Cerise Vineyard Syrah,Red,Shiraz/Syrah,14.8,2020,139.99
33,En Chamberlin Vineyard Syrah,Red,Shiraz/Syrah,14.7,2016,290
33,Flying Pig Red Blend,Red,Cabernet Franc,15,2021,164.99
33,God Only Known Grenache,Red,Grenache,14.4,2019,179.97
33,Impulsivo,Red,Tempranillo,15,2019,153.95
33,The Lovers,Red,Cabernet Sauvignon,14.3,2016,329
33,Widowmaker,Red,Cabernet Sauvignon,15,2018,234.07
33,Wallah Wallah Special Series,Red,Shiraz/Syrah,13.6,2017,391.28
34,"2003 Cabernet Sauvignon, Columbia Valley",Red,Cabernet Sauvignon,NULL,2003,70
34,"2004 Cabernet Sauvignon, Columbia Valley",Red,Cabernet Sauvignon,NULL,2004,70
34,"2005 Cabernet Sauvignon, Columbia Valley",Red,Cabernet Sauvignon,NULL,2005,70
34,"2006 Cabernet Sauvignon, Columbia Valley",Red,Cabernet Sauvignon,NULL,2006,70
34,"2007 Cabernet Sauvignon, Columbia Valley",Red,Cabernet Sauvignon,NULL,2007,70
34,"2013 Cabernet Sauvignon, Columbia Valley",Red,Cabernet Sauvignon,NULL,2013,70
34,"2004 Syrah, Columbia Valley",Red,Syrah,NULL,2005,55
34,"2005 Syrah, Columbia Valley",Red,Syrah,NULL,2005,55
34,"2006 Syrah, Columbia Valley",Red,Syrah,NULL,2006,55
34,"2007 Syrah, Columbia Valley",Red,Syrah,NULL,2007,55
34,"2008 Syrah, Columbia Valley",Red,Syrah,NULL,2008,55
34,2020 Reimagined,White,Sauvignon Blanc,NULL,2020,28
34,2020 Perserverance,White,Viognier,NULL,2020,32
34,2020 Betty-Lou Rose,Rose,Syrah,NULL,2020,24
34,NV Celebrate EB,Rose,Grenache,NULL,2020,28
35,2018 Corliss Cabernet Sauvignon,Red,Cabernet Sauvignon,13.5,2018,104.99
35,2018 Corliss Red,Red,Merlot,14,2018,73.99
35,2018 Corliss Syrah,Red,Shiraz/Syrah,14,2018,127.19
36,2022 Rose of Cabernet Franc,Rose,Cabernet Franc,11.5,2022,30
36,2021 Mule Skinner Merlot,Red,Merlot,14.2,2021,60
36,2021 Derby Cabernet Sauvignon,Red,Cabernet Sauvignon,15,2021,65
36,2021 Nina Lee Syrah,Red,Shiraz/Syrah,14.3,2021,60
36,2021 Frederick,Red,Shiraz/Syrah,14.3,2021,60
36,2022 Viognier,White,Viognier,13.9,2022,40
36,2019 Katherine Corkrum,Red,Cabernet Franc,14.2,2019,60
36,2019 Uriah,Red,Merlot,14.1,2019,60
37,2021 Carmenere,Red,Carmenere,14.7,2021,51
37,2022 Incandescent,White,Sauvignon Blanc,14.7,2022,25
37,2021 Matchless Red Wine,Red,Shiraz/Syrah,14.5,2021,29
37,2018 Merlot,Red,Merlot,14.4,2018,42
37,2018 Cabernet Sauvignon,Red,Cabernet Sauvignon,14.5,2018,44
37,2020 Malbec,Red,Malbec,14.3,2020,49
38,2020 Chardonnay,White,Chardonnay,NULL,2020,22
38,2023 Rose of Cab Franc,Red,Cabernet Franc,NULL,2023,28
38,2023 Grenache Blanc,White,Grenache Blanc,NULL,2023,28
38,2022 Grenache,Red,Grenache,NULL,2022,45
38,2021 Merlot,Red,Merlot,NULL,2021,42
38,2021 GSM,Red,GSM,NULL,2021,48
38,2021 Syrah Lonesome Spring,Red,Syrah,NULL,2021,52
38,2021 Cowgirl Cab,Red,Cabernet Sauvignon,NULL,2021,30
39,2021 Cabernet Sauvignon,Red,Cabernet Sauvignon,14.5,2021,50
39,2022 Family Wine,Red,Shiraz/Syrah,NULL,2022,65
39,2022 Healy Rose,Rose,Shiraz/Syrah,13.3,2022,39
39,2022 Elizabeth Chardonnay,White,Chardonnay,NULL,2022,49
40,2019 Sagemoor Vineyard Riesling,White,Riesling,NULL,2019,22
40,2022 Sauvignon Blanc,White,Sauvignon Blanc,NULL,2022,22
40,2022 Eritage Vineyard Chardonnay,White,Chardonnay,13,2022,24
40,2022 Walla Walla Valley Viognier,White,Viognier,13.3,2022,24
40,2021 Breezy Slope Vineyard Pinor Noir Rose,Rose,Pinot Noir,13,2021,24
40,2020 Breezy Slope Vineyard Pinot Noir,Red,Pinot Noir,NULL,2020,46
40,2017 J&S Vineyards Cabernet Sauvignon,Red,Cabernet Sauvignon,14.5,2017,40
40,2017 Walla Walla Valley Syrah,Red,Shiraz/Syrah,14.7,2017,40
40,2019 Walla Walla Valley Cabernet Franc,Red,Cabernet Franc,14.3,2019,46
40,2020 Walla Walla Valley Cuvee,Red,Cabernet Sauvignon,NULL,2020,45
40,2018 Nox Eternelle Seven Hills Vineyard Carmenere,Red,Carmenere,NULL,2018,45
40,2019 Eritage Vineyard Malbec,Red,Malbec,NULL,2019,46
41,2017 Reed Vineyard Pinot Grigio,White,Pinot Grigio,NULL,2017,22
41,2018 Sangiovese Rose,Rose,Sangiovese,13.5,2018,22
41,2014 Estate Sangiovese,Red,Sangiovese,NULL,2014,38
41,2014 Estate Barbera,Red,Barbera,14.75,2014,30
41,2016 Innovation,Red,Sangiovese,NULL,2016,25
41,2014 Cabernet Sauvignon,Red,Cabernet Sauvignon,14.3,2014,35
41,2014 Primitivo,Red,Primitivo,NULL,2014,35
43,2019 Strong Ridge Merlot,Red,Merlot,NULL,2019,45
43,2020 Cattle King,Red,Syrah,NULL,2020,75
43,2020 Klein Syrah,Red,Syrah,NULL,2020,75
43,2021 'CH' Chardonnay,White,Chardonnay,NULL,2021,17
43,2021 Powerline Viognier,White,Viognier,NULL,2021,30
43,2022 'SB' Sauvignon Blanc,White,Sauvignon Blanc,NULL,2022,15
43,2021 Badge Golden West,Sparkling,Pinot Noir,NULL,2021,30
43,2021 'PN' Pinot Noir,Sparkling,Pinot Noir,NULL,2021,18
45,2018 Dos Jefes,Red,Malbec,NULL,2018,60
45,2019 With Love Syrah,Red,Shiraz/Syrah,NULL,2019,40
45,2021 First Crush Cab Franc,Red,Cabernet Franc,NULL,2021,50
46,2023 Vital x Valdemar Rose,Rose,Mourvedre,12.5,2023,25
46,2022 Vital x Walla Walla Vintners Syrah,Red,Syrah,13.1,2022,45
46,2022 Vital x The Walls Chardonnay,White,Chardonnay,13,2022,32
46,2022 Vital x Reininger Dolcetto,Red,Dolcetto,14,2022,35
46,NV Given,Red,Red Blend,14,2023,20
46,2020 Syrah,Red,Syrah,14,2020,34
46,2020 Cabernet Sauvignon,Red,Cabernet Sauvignon,14.5,2020,35
46,2019 Merlot,Red,Merlot,14,2019,32
46,2021 Gruner Veltliner,White,Gruner Veltliner,13,2021,22
47,2020 Syrah Grand Klasse Reserve,Red,Syrah,NULL,2020,65
47,2020 Winemaker's Select Cabernet,Red,Cabernet Sauvignon,NULL,2020,85
47,2021 Riesling Grand Klasse Reserve,White,Riesling,NULL,2021,32
47,2021 Tigre Pinot Gris,White,Pinot Gris,NULL,2021,42
47,2022 Sauvignon Blanc,White,Sauvignon Blanc,NULL,2022,28
47,2020 The Don,Red,Cabernet Sauvignon,NULL,2020,28
47,2020 Kvasir,Red,Mourvedre,NULL,2020,55
47,2020 Revernece,Red,Grenache,NULL,2020,55
47,2019 Winemaker's Select Syrah,Red,Syrah,NULL,2019,85
47,2020 Conner Lee Cabernet Franc,Red,Cabernet Franc,NULL,2020,65
47,2020 Conner Lee Cabernet Sauvignon,Red,Cabernet Sauvignon,NULL,2020,65
47,2020 Conner Lee Merlot,Red,Merlot,NULL,2020,65
47,2021 Skal Sparkling Rose,Rose,Pinot Noir,NULL,2021,65
47,2022 Freyja,White,Viognier,NULL,2022,22
47,2022 Sans Soufre Roussane,White,Roussanne,NULL,2022,60
47,2022 Sans Soufre Mourvedre,Red,Mourvedre,NULL,2022,60
48,2020 Cabernet Sauvignon,Red,Cabernet Sauvignon,14.5,2020,44
48,2021 Merlot,Red,Merlot,14.5,2021,27
48,2021 Syrah,Red,Syrah,15,2021,42
48,2022 Chardonnay,White,Chardonnay,13.5,2022,36
48,2023 Grenache Rose,Rose,Grenache,13.5,2023,20
49,2021 Frontiere Syrah,Red,Shiraz/Syrah,14.4,2021,75
49,2020 Voyageur Syrah,Red,Shiraz/Syrah,14.5,2020,58
50,Dolcetto 2020,Red,Dolcetto,NULL,2020,40
50,Merlot 2019,Red,Merlot,14.7,2019,40
50,Equilbrio 2020,Red,Malbec,NULL,2020,60
50,GSM 2020,Red,GSM,NULL,2020,50
50,Syrah Rocks 2020,Red,Syrah,NULL,2020,60
50,Tempranillo 2020,Red,Tempranillo,NULL,2020,50
50,Syrah 2019,Red,Shiraz/Syrah,14.8,2019,40
50,BH Red Blend 2020,Red,Red Blend,NULL,2020,25
50,Mourvedre 2020,Red,Mourvedre,NULL,2020,50
50,Grenache 2019,Red,Grenache,NULL,2019,50
50,Chardonnay 2022,White,Chardonnay,14.2,2022,28
50,Roussanne 2022,White,Roussanne,14.9,2022,28
50,Semillon 2021,White,Semillon,14.3,2021,28
50,Viognier 2021,White,Viognier,15.5,2021,28
50,Sangiovese Rose 2022,Rose,Sangiovese,NULL,2022,28
50,BH White Wine 2020,White,Roussanne,NULL,2020,25
50,Wild Pink 2022,Rose,Cabernet Franc,NULL,2022,25
50,Riesling 2020,White,Riesling,14.1,2020,28
51,2021 Estate Cabernet Franc,Red,Cabernet Franc,NULL,2021,54
51,2021 Estate Reserve Syrah Block E,Red,Syrah,NULL,2021,65
51,2021 Estate VV21 Red Blend,Red,Red Blend,NULL,2021,38
51,2023 Estate Rose of Syrah,Rose,Syrah,NULL,2023,29
51,2020 Estate Cabernet Sauvignon,Red,Cabernet Sauvignon,NULL,2020,56
51,2020 Estate Syrah,Red,Syrah,NULL,2020,48
52,2019 Anna Marie Vineyard Estate Cabernet Sauvignon,Red,Cabernet Sauvignon,14.8,2019,55
52,2019 Estate Cabernet Sauvignon,Red,Cabernet Sauvignon,14,2019,35
52,2019 Hallowed Stones Cabernet Franc,Red,Cabernet Franc,NULL,2019,55
52,"2019 Waterstone Estate Vineyard ""au naturel"" Syrah",Red,Syrah,14.4,2019,55
52,2020 Estate Nebbiolo,Red,Nebbiolo,14,2020,40
52,2020 Estate Syrah,Red,Syrah,15.1,2020,30
52,2020 Ku'ulei Vineyard Carmenere,Red,Carmenere,12.5,2020,35
52,2020 McClellan Vineyard Estate Petit Verdot,Red,Petit Verdot,14.6,2020,55
52,2020 Pinot Noir,Red,Pinot Noir,14,2020,45
52,2020 The Rocks District GSM Blend,Red,GSM,NULL,2020,60
52,2022 Chances R Chardonnay,White,Chardonnay,13.5,2022,20
52,2022 Estate Rose of Malbec,Rose,Malbec,NULL,2022,28
52,2022 Reserve Chardonnay - Wheel,White,Chardonnay,NULL,2022,30
52,2019 Chances R Red Blend,Red,Red Blend,14.3,2019,20
52,2020 Hallowed Stones Cabernet Franc,Red,Cabernet Franc,NULL,2020,55
52,2020 Hallowed Stones Cabernet Sauvignon,Red,Cabernet Sauvignon,NULL,2020,55
52,2020 McClellan Vineyard Estate Cabernet Sauvignon,Red,Cabernet Sauvignon,14.4,2020,55
52,2020 Hallowed Stones Syrah,Red,Shiraz/Syrah,NULL,2020,55
52,2020 Hallowed Stones Tempranillo,Red,Tempranillo,NULL,2020,55
52,2020 Estate Red Blend,Red,Red Blend,NULL,2020,30
53,2021 Little G,Red,Grenache,14,2021,65
53,2021 Dre,Red,Mourvedre,15,2021,65
53,2020 Homage,Red,GSM,15,2020,65
54,2018 Anarchy,Red,GSM,14.6,2018,55
54,2019 Love & Chaos,Red,Red Blend,NULL,2019,55
54,2019 Stella of the Vines,Red,Syrah,15.1,2019,55
54,2020 Stella of the Stones,Red,Shiraz/Syrah,NULL,2020,55
54,2021 Jordyn,White,Viognier,NULL,2021,34
54,2023 One Night Stand Petillant Naturel,Rose,Sangiovese,NULL,2023,43
55,2014 ¡Adentro! Cabernet Sauvignon,Red,Cabernet Sauvignon,NULL,2014,43
55,"2015 Tempranillo ""Reserve""",Red,Tempranillo,NULL,2015,65
55,2016 Miercoles Red Blend,Red,Red Blend,NULL,2016,35
55,2017 Graciano,Red,Graciano,13.5,2017,53
55,2018 Estate Malbec,Red,Malbec,NULL,2018,58
55,2022 CV Albariño,White,Albariño,14.1,2022,27
55,2022 Rose of Tempranillo,Rose,Tempranillo,NULL,2022,28
55,Brillante Sparkling Wine,Sparkling,Chardonnay,NULL,2022,NULL